0,True
1,True
2,True
3,True
4,True
5,True
6,True
7,True
8,True
9,True
10,True
11,True
12,True
13,True
14,True
15,True
16,False
17,True
18,True
19,False
20,True
21,True
22,True
23,True
24,True
25,True
26,True
27,True
28,True
29,True
30,True
31,True
32,True
33,True
34,True
35,True
36,True
37,True
38,True
39,True
40,True
41,True
42,True
43,True
44,False
45,True
46,True
47,True
48,True
49,True
50,True
51,True
52,True
53,True
54,True
55,True
56,True
57,True
58,True
59,False
60,True
61,True
62,True
63,True
64,True
65,True
66,True
67,True
68,True
69,True
70,True
71,True
72,True
73,True
74,True
75,True
76,True
77,True
78,True
79,True
80,True
81,False
82,True
83,True
84,True
85,True
86,True
87,True
88,True
89,True
90,False
91,False
92,True
93,False
94,False
95,False
96,False
97,False
98,True
99,False
100,False
101,False
102,True
103,False
104,False
105,False
106,False
107,True
108,False
109,False
110,False
111,False
112,False
113,True
114,True
115,False
116,True
117,True
118,False
119,True
120,False
121,False
122,False
123,True
124,False
125,False
126,True
127,True
128,False
129,False
130,False
131,False
132,False
133,False
134,False
135,False
136,False
137,False
138,True
139,False
140,False
141,False
142,False
143,False
144,False
145,False
146,False
147,False
148,False
149,False
150,False
151,False
152,False
153,False
154,False
155,False
156,False
157,False
158,False
159,True
160,False
161,False
162,False
163,False
164,True
165,False
166,False
167,False
168,False
169,False
170,False
171,False
172,False
173,False
174,False
175,False
176,False
177,False
178,True
179,False
180,False
181,False
182,False
183,False
184,False
185,True
186,False
187,False
188,False
189,False
190,False
191,True
192,False
193,False
194,False
195,False
196,False
197,False
198,True
199,False
200,False
201,False
202,False
203,False
204,False
205,False
206,True
207,False
208,False
209,False
210,False
211,False
212,False
213,False
214,False
215,False
216,False
217,False
218,False
219,False
220,False
221,False
222,False
223,True
224,False
225,False
226,True
227,False
228,False
229,False
230,False
231,False
232,False
233,False
234,False
235,False
236,False
237,False
238,False
239,False
240,False
241,False
242,False
243,False
244,False
245,False
246,False
247,False
248,False
249,True
250,False
251,False
252,False
253,True
254,False
255,False
256,False
257,False
258,False
259,False
260,False
261,False
262,False
263,False
264,False
265,False
266,False
267,False
268,False
269,False
270,False
271,False
272,False
273,False
274,False
275,True
276,False
277,False
278,False
279,False
280,False
281,False
282,False
283,False
284,True
285,False
286,False
287,False
288,False
289,False
290,False
291,False
292,False
293,False
294,True
295,False
296,False
297,False
298,False
299,False
300,False
301,False
302,False
303,False
304,False
305,False
306,False
307,False
308,False
309,False
310,False
311,False
312,False
313,True
314,False
315,False
316,False
317,False
318,True
319,False
320,False
321,False
322,False
323,False
324,False
325,False
326,False
327,False
328,False
329,False
330,False
331,False
332,False
333,False
334,False
335,False
336,False
337,False
338,False
339,True
340,False
341,True
342,False
343,True
344,True
345,False
346,False
347,True
348,True
349,False
350,False
351,False
352,True
353,False
354,True
355,False
356,False
357,False
358,False
359,True
360,False
361,False
362,False
363,True
364,False
365,False
366,True
367,False
368,False
369,False
370,True
371,False
372,False
373,True
374,True
375,True
376,True
377,True
378,True
379,True
380,False
381,False
382,False
383,False
384,False
385,False
386,False
387,True
388,False
389,True
390,False
391,False
392,True
393,False
394,False
395,False
396,False
397,False
398,False
399,False
400,True
401,False
402,True
403,True
404,True
405,True
406,False
407,False
408,True
409,True
410,False
411,True
412,False
413,True
414,False
415,False
416,False
417,False
418,True
419,True
420,False
421,True
422,True
423,True
424,True
425,True
426,False
427,False
428,True
429,False
430,False
431,True
432,False
433,False
434,False
435,False
436,True
437,True
438,True
439,True
440,False
441,False
442,False
443,True
444,True
445,True
446,True
447,False
448,False
449,False
450,True
451,True
452,False
453,False
454,False
455,True
456,True
457,False
458,True
459,True
460,False
461,False
462,False
463,False
464,True
465,True
466,False
467,True
468,True
469,True
470,True
471,True
472,False
473,False
474,True
475,True
476,True
477,True
478,True
479,True
480,True
481,True
482,True
483,False
484,True
485,True
486,True
487,True
488,True
489,True
490,True
491,True
492,True
493,True
494,True
495,True
496,True
497,True
498,True
499,False
500,True
501,True
502,True
503,False
504,True
505,True
506,False
507,True
508,True
509,True
510,False
511,True
512,False
513,False
514,True
515,True
516,True
517,False
518,True
519,False
520,False
521,True
522,True
523,True
524,False
525,False
526,True
527,False
528,False
529,False
530,False
531,False
532,False
533,False
534,False
535,False
536,False
537,False
538,False
539,False
540,True
541,False
542,False
543,True
544,False
545,False
546,False
547,False
548,False
549,False
550,False
551,False
552,True
553,True
554,False
555,False
556,False
557,False
558,True
559,False
560,False
561,True
562,False
563,False
564,False
565,False
566,False
567,True
568,False
569,False
570,False
571,False
572,False
573,False
574,False
575,False
576,False
577,False
578,False
579,False
580,False
581,False
582,False
583,False
584,False
585,False
586,True
587,False
588,False
589,False
590,True
591,True
592,False
593,False
594,False
595,False
596,False
597,False
598,False
599,True
600,False
601,False
602,False
603,False
604,False
605,True
606,False
607,False
608,False
609,False
610,False
611,False
612,False
613,False
614,False
615,False
616,False
617,False
618,False
619,False
620,False
621,False
622,False
623,False
624,False
625,False
626,False
627,False
628,False
629,False
630,True
631,False
632,False
633,True
634,True
635,False
636,True
637,True
638,True
639,True
640,True
641,False
642,False
643,False
644,True
645,False
646,False
647,False
648,True
649,False
650,False
651,True
652,True
653,True
654,True
655,True
656,True
657,True
658,True
659,True
660,False
661,True
662,True
663,False
664,True
665,False
666,False
667,True
668,False
669,False
670,True
671,False
672,False
673,False
674,False
675,False
676,False
677,False
678,True
679,True
680,False
681,False
682,True
683,True
684,True
685,False
686,False
687,False
688,True
689,False
690,False
691,True
692,False
693,True
694,False
695,False
696,True
697,False
698,False
699,False
700,False
701,False
702,False
703,False
704,False
705,False
706,False
707,False
708,False
709,False
710,False
711,False
712,False
713,False
714,True
715,True
716,False
717,False
718,False
719,False
720,True
721,False
722,False
723,False
724,False
725,True
726,True
727,False
728,False
729,True
730,False
731,False
732,False
733,False
734,False
735,False
736,False
737,False
738,False
739,False
740,False
741,True
742,True
743,False
744,False
745,False
746,False
747,False
748,False
749,False
750,True
751,True
752,False
753,False
754,False
755,True
756,False
757,False
758,False
759,False
760,False
761,False
762,True
763,False
764,False
765,True
766,True
767,True
768,False
769,False
770,False
771,False
772,False
773,True
774,False
775,False
776,False
777,False
778,False
779,False
780,False
781,False
782,True
783,False
784,False
785,False
786,False
787,False
788,False
789,False
790,False
791,False
792,False
793,False
794,False
795,False
796,False
797,False
798,False
799,False
800,True
801,False
802,False
803,False
804,False
805,False
806,False
807,False
808,False
809,False
810,False
811,True
812,True
813,False
814,True
815,False
816,False
817,False
818,True
819,False
820,False
821,False
822,False
823,False
824,False
825,True
826,False
827,False
828,False
829,True
830,False
831,False
832,False
833,False
834,False
835,False
836,False
837,True
838,False
839,False
840,False
841,False
842,False
843,False
844,False
845,False
846,False
847,False
848,False
849,False
850,False
851,False
852,True
853,True
854,True
855,True
856,True
857,True
858,True
859,True
860,True
861,True
862,True
863,False
864,True
865,True
866,False
867,False
868,False
869,False
870,False
871,False
872,False
873,False
874,False
875,False
876,False
877,False
878,False
879,False
880,False
881,True
882,False
883,True
884,True
885,True
886,True
887,True
888,True
889,True
890,False
891,True
892,False
893,True
894,True
895,True
896,False
897,True
898,False
899,False
900,False
901,False
902,True
903,True
904,True
905,False
906,True
907,True
908,False
909,False
910,False
911,False
912,False
913,False
914,False
915,False
916,False
917,False
918,False
919,False
920,False
921,False
922,False
923,False
924,True
925,True
926,True
927,False
928,False
929,False
930,False
931,False
932,False
933,False
934,False
935,True
936,False
937,False
938,True
939,False
940,True
941,False
942,True
943,True
944,True
945,True
946,True
947,False
948,True
949,True
950,True
951,True
952,False
953,False
954,True
955,False
956,False
957,False
958,False
959,False
960,True
961,True
962,True
963,True
964,True
965,False
966,True
967,False
968,False
969,False
970,False
971,False
972,False
973,False
974,True
975,False
976,False
977,False
978,True
979,False
980,False
981,False
982,False
983,True
984,True
985,True
986,True
987,False
988,False
989,False
990,False
991,True
992,True
993,True
994,True
995,False
996,False
997,False
998,False
999,False
1000,False
1001,False
1002,False
1003,False
1004,False
1005,False
1006,False
1007,False
1008,False
1009,False
1010,False
1011,True
1012,False
1013,False
1014,False
1015,False
1016,True
1017,True
1018,True
1019,True
1020,True
1021,True
1022,False
1023,False
1024,False
1025,False
1026,False
1027,False
1028,False
1029,False
1030,False
1031,False
1032,False
1033,False
1034,False
1035,False
1036,False
1037,False
1038,True
1039,False
1040,False
1041,True
1042,True
1043,True
1044,False
1045,True
1046,False
1047,True
1048,True
1049,True
1050,True
1051,True
1052,False
1053,False
1054,True
1055,False
1056,False
1057,False
1058,False
1059,False
1060,True
1061,True
1062,True
1063,True
1064,True
1065,True
1066,True
1067,True
1068,True
1069,True
1070,True
1071,False
1072,True
1073,False
1074,True
1075,True
1076,True
1077,True
1078,True
1079,True
1080,True
1081,True
1082,True
1083,True
1084,True
1085,True
1086,True
1087,True
1088,True
1089,True
1090,True
1091,True
1092,True
1093,True
1094,False
1095,False
1096,True
1097,True
1098,False
1099,False
1100,True
1101,False
1102,False
1103,False
1104,False
1105,True
1106,True
1107,True
1108,False
1109,False
1110,False
1111,True
1112,True
1113,False
1114,True
1115,True
1116,False
1117,False
1118,False
1119,True
1120,False
1121,False
1122,False
1123,False
1124,False
1125,False
1126,True
1127,False
1128,False
1129,False
1130,True
1131,False
1132,False
1133,False
1134,False
1135,False
1136,True
1137,True
1138,False
1139,False
1140,True
1141,True
1142,False
1143,True
1144,True
1145,True
1146,True
1147,True
1148,True
1149,True
1150,True
1151,True
1152,False
1153,True
1154,True
1155,False
1156,False
1157,False
1158,False
1159,False
1160,False
1161,True
1162,False
1163,False
1164,False
1165,True
1166,True
1167,True
1168,True
1169,False
1170,False
1171,False
1172,False
1173,False
1174,False
1175,False
1176,False
1177,False
1178,False
1179,False
1180,True
1181,False
1182,True
1183,True
1184,True
1185,True
1186,True
1187,True
1188,True
1189,True
1190,True
1191,True
1192,True
1193,True
1194,True
1195,True
1196,True
1197,True
1198,False
1199,False
1200,False
1201,False
1202,False
1203,False
1204,False
1205,False
1206,False
1207,False
1208,False
1209,False
1210,False
1211,False
1212,False
1213,False
1214,False
1215,False
1216,False
1217,False
1218,False
1219,False
1220,False
1221,False
1222,False
1223,False
1224,False
1225,False
1226,False
1227,False
1228,False
1229,False
1230,False
1231,False
1232,False
1233,False
1234,False
1235,False
1236,False
1237,False
1238,False
1239,False
1240,False
1241,False
1242,False
1243,False
1244,False
1245,False
1246,False
1247,False
1248,False
1249,False
1250,False
1251,False
1252,False
1253,False
1254,False
1255,False
1256,False
1257,False
1258,False
1259,False
1260,False
1261,False
1262,False
1263,False
1264,False
1265,False
1266,False
1267,False
1268,False
1269,False
1270,False
1271,False
1272,False
1273,False
1274,False
1275,False
1276,False
1277,False
1278,False
1279,False
1280,False
1281,False
1282,False
1283,False
1284,False
1285,False
1286,False
1287,False
1288,False
1289,False
1290,False
1291,False
1292,False
1293,False
1294,False
1295,False
1296,False
1297,False
1298,False
1299,False
1300,False
1301,False
1302,False
1303,False
1304,False
1305,False
1306,False
1307,False
1308,False
1309,False
1310,False
1311,False
1312,False
1313,False
1314,False
1315,False
1316,False
1317,False
1318,False
1319,False
1320,False
1321,False
1322,False
1323,False
1324,False
1325,False
1326,False
1327,False
1328,False
1329,False
1330,False
1331,False
1332,False
1333,False
1334,False
1335,False
1336,False
1337,False
1338,True
1339,True
1340,True
1341,True
1342,True
1343,True
1344,False
1345,False
1346,True
1347,True
1348,True
1349,True
1350,True
1351,True
1352,False
1353,True
1354,True
1355,True
1356,True
1357,False
1358,True
1359,False
1360,False
1361,False
1362,True
1363,False
1364,True
1365,True
1366,False
1367,True
1368,False
1369,False
1370,True
1371,False
1372,True
1373,False
1374,False
1375,False
1376,False
1377,False
1378,False
1379,False
1380,True
1381,True
1382,True
1383,True
1384,True
1385,True
1386,True
1387,True
1388,True
1389,True
1390,True
1391,True
1392,True
1393,True
1394,True
1395,True
1396,True
1397,True
1398,True
1399,True
1400,True
1401,True
1402,True
1403,True
1404,True
1405,True
1406,True
1407,True
1408,True
1409,True
1410,True
1411,False
1412,True
1413,True
1414,True
1415,True
1416,True
1417,False
1418,False
1419,False
1420,False
1421,True
1422,False
1423,False
1424,False
1425,False
1426,False
1427,True
1428,True
1429,True
1430,True
1431,True
1432,True
1433,True
1434,True
1435,True
1436,True
1437,True
1438,True
1439,True
1440,True
1441,True
1442,True
1443,True
1444,True
1445,True
1446,False
1447,False
1448,False
1449,False
1450,False
1451,True
1452,True
1453,True
1454,True
1455,True
1456,True
1457,True
1458,True
1459,True
1460,True
1461,True
1462,True
1463,True
1464,True
1465,True
1466,False
1467,False
1468,True
1469,False
1470,False
1471,True
1472,True
1473,False
1474,False
1475,True
1476,False
1477,False
1478,True
1479,True
1480,True
1481,True
1482,True
1483,False
1484,True
1485,True
1486,True
1487,True
1488,True
1489,True
1490,True
1491,True
1492,True
1493,True
1494,True
1495,False
1496,True
1497,True
1498,True
1499,True
1500,True
1501,True
1502,True
1503,False
1504,False
1505,False
1506,True
1507,False
1508,False
1509,False
1510,False
1511,False
1512,False
1513,True
1514,True
1515,True
1516,True
1517,True
1518,True
1519,True
1520,False
1521,True
1522,True
1523,True
1524,True
1525,True
1526,True
1527,True
1528,True
1529,False
1530,False
1531,False
1532,False
1533,False
1534,False
1535,True
1536,False
1537,True
1538,False
1539,False
1540,False
1541,True
1542,False
1543,True
1544,False
1545,True
1546,True
1547,True
1548,False
1549,True
1550,False
1551,True
1552,False
1553,True
1554,True
1555,True
1556,True
1557,True
1558,True
1559,True
1560,True
1561,True
1562,True
1563,True
1564,True
1565,True
1566,True
1567,True
1568,True
1569,True
1570,False
1571,False
1572,False
1573,True
1574,True
1575,True
1576,False
1577,False
1578,False
1579,True
1580,False
1581,True
1582,False
1583,False
1584,False
1585,True
1586,True
1587,True
1588,True
1589,False
1590,False
1591,True
1592,True
1593,False
1594,False
1595,True
1596,True
1597,True
1598,True
1599,True
1600,False
1601,True
1602,False
1603,False
1604,False
1605,True
1606,False
1607,True
1608,True
1609,False
1610,False
1611,False
1612,False
1613,False
1614,True
1615,True
1616,False
1617,True
1618,True
1619,True
1620,True
1621,True
1622,True
1623,True
1624,True
1625,True
1626,False
1627,True
1628,True
1629,True
1630,False
1631,False
1632,True
1633,False
1634,False
1635,False
1636,True
1637,False
1638,False
1639,True
1640,True
1641,True
1642,True
1643,True
1644,True
1645,True
1646,True
1647,True
1648,False
1649,True
1650,False
1651,True
1652,True
1653,True
1654,False
1655,False
1656,False
1657,False
1658,True
1659,False
1660,False
1661,False
1662,False
1663,False
1664,False
1665,False
1666,False
1667,True
1668,True
1669,True
1670,True
1671,True
1672,True
1673,True
1674,True
1675,False
1676,True
1677,True
1678,True
1679,True
1680,True
1681,False
1682,True
1683,True
1684,True
1685,True
1686,True
1687,True
1688,False
1689,True
1690,False
1691,True
1692,True
1693,False
1694,True
1695,True
1696,True
1697,True
1698,True
1699,True
1700,True
1701,False
1702,True
1703,True
1704,True
1705,False
1706,True
1707,True
1708,True
1709,True
1710,True
1711,True
1712,True
1713,True
1714,True
1715,True
1716,True
1717,False
1718,True
1719,False
1720,False
1721,True
1722,True
1723,True
1724,True
1725,False
1726,False
1727,True
1728,False
1729,False
1730,True
1731,True
1732,False
1733,False
1734,False
1735,False
1736,False
1737,True
1738,True
1739,True
1740,True
1741,True
1742,True
1743,True
1744,True
1745,False
1746,True
1747,True
1748,True
1749,True
1750,True
1751,True
1752,True
1753,True
1754,True
1755,True
1756,True
1757,True
1758,True
1759,True
1760,True
1761,True
1762,True
1763,True
1764,True
1765,True
1766,True
1767,True
1768,True
1769,True
1770,False
1771,True
1772,True
1773,True
1774,True
1775,False
1776,False
1777,False
1778,False
1779,False
1780,False
1781,False
1782,False
1783,False
1784,False
1785,False
1786,True
1787,True
1788,True
1789,False
1790,False
1791,True
1792,False
1793,False
1794,False
1795,True
1796,False
1797,False
1798,True
1799,True
1800,True
1801,True
1802,False
1803,False
1804,False
1805,False
1806,False
1807,False
1808,False
1809,False
1810,True
1811,True
1812,True
1813,True
1814,True
1815,True
1816,True
1817,True
1818,True
1819,True
1820,True
1821,True
1822,True
1823,True
1824,True
1825,True
1826,True
1827,True
1828,True
1829,True
1830,False
1831,True
1832,True
1833,True
1834,True
1835,False
1836,True
1837,False
1838,False
1839,True
1840,True
1841,True
1842,True
1843,False
1844,True
1845,True
1846,True
1847,False
1848,False
1849,False
1850,False
1851,False
1852,False
1853,True
1854,True
1855,False
1856,True
1857,True
1858,True
1859,True
1860,True
1861,False
1862,False
1863,False
1864,False
1865,False
1866,False
1867,False
1868,True
1869,False
1870,True
1871,False
1872,False
1873,False
1874,False
1875,False
1876,True
1877,False
1878,False
1879,False
1880,True
1881,False
1882,True
1883,False
1884,False
1885,True
1886,False
1887,False
1888,True
1889,True
1890,True
1891,True
1892,True
1893,True
1894,False
1895,True
1896,True
1897,True
1898,True
1899,True
1900,True
1901,True
1902,True
1903,True
1904,True
1905,True
1906,True
1907,True
1908,True
1909,True
1910,True
1911,True
1912,True
1913,True
1914,True
1915,True
1916,True
1917,True
1918,True
1919,True
1920,False
1921,True
1922,False
1923,True
1924,True
1925,False
1926,False
1927,True
1928,False
1929,False
1930,True
1931,True
1932,True
1933,True
1934,False
1935,True
1936,False
1937,False
1938,False
1939,False
1940,False
1941,False
1942,True
1943,True
1944,True
1945,False
1946,False
1947,False
1948,True
1949,True
1950,True
1951,True
1952,True
1953,True
1954,True
1955,True
1956,True
1957,False
1958,True
1959,True
1960,True
1961,True
1962,False
1963,True
1964,True
1965,True
1966,False
1967,True
1968,True
1969,True
1970,True
1971,True
1972,True
1973,False
1974,True
1975,True
1976,True
1977,True
1978,True
1979,True
1980,False
1981,True
1982,False
1983,False
1984,False
1985,False
1986,False
1987,False
1988,False
1989,False
1990,True
1991,True
1992,True
1993,True
1994,True
1995,True
1996,False
1997,False
1998,False
1999,True
2000,False
2001,False
2002,False
2003,False
2004,False
2005,True
2006,True
2007,False
2008,False
2009,False
2010,True
2011,False
2012,True
2013,True
2014,True
2015,True
2016,True
2017,True
2018,True
2019,True
2020,True
2021,True
2022,True
2023,True
2024,False
2025,False
2026,False
2027,False
2028,False
2029,False
2030,False
2031,False
2032,False
2033,False
2034,True
2035,True
2036,False
2037,False
2038,True
2039,True
2040,True
2041,True
2042,True
2043,True
2044,True
2045,True
2046,True
2047,False
2048,False
2049,True
2050,True
2051,True
2052,False
2053,True
2054,True
2055,False
2056,False
2057,False
2058,True
2059,True
2060,True
2061,True
2062,True
2063,True
2064,True
2065,False
2066,True
2067,True
2068,True
2069,False
2070,True
2071,True
2072,False
2073,False
2074,False
2075,False
2076,True
2077,True
2078,True
2079,True
2080,True
2081,False
2082,True
2083,True
2084,True
2085,True
2086,True
2087,True
2088,True
2089,True
2090,True
2091,True
2092,True
2093,True
2094,True
2095,False
2096,False
2097,False
2098,True
2099,False
2100,False
2101,False
2102,False
2103,True
2104,True
2105,False
2106,False
2107,True
2108,False
2109,False
2110,False
2111,False
2112,False
2113,False
2114,False
2115,False
2116,False
2117,False
2118,True
2119,False
2120,False
2121,False
2122,False
2123,False
2124,False
2125,False
2126,True
2127,False
2128,False
2129,False
2130,False
2131,False
2132,False
2133,False
2134,False
2135,False
2136,False
2137,False
2138,False
2139,False
2140,False
2141,False
2142,False
2143,False
2144,True
2145,False
2146,False
2147,False
2148,False
2149,False
2150,False
2151,False
2152,False
2153,False
2154,False
2155,False
2156,False
2157,True
2158,False
2159,False
2160,False
2161,False
2162,False
2163,False
2164,False
2165,False
2166,False
2167,False
2168,False
2169,False
2170,True
2171,False
2172,False
2173,False
2174,False
2175,False
2176,False
2177,False
2178,False
2179,False
2180,False
2181,False
2182,False
2183,False
2184,False
2185,False
2186,False
2187,False
2188,False
2189,True
2190,False
2191,False
2192,False
2193,False
2194,False
2195,False
2196,False
2197,False
2198,False
2199,False
2200,False
2201,False
2202,False
2203,False
2204,False
2205,False
2206,False
2207,False
2208,False
2209,False
2210,False
2211,False
2212,True
2213,False
2214,False
2215,False
2216,False
2217,False
2218,False
2219,False
2220,False
2221,False
2222,False
2223,False
2224,False
2225,False
2226,False
2227,False
2228,False
2229,True
2230,False
2231,True
2232,False
2233,False
2234,False
2235,False
2236,False
2237,False
2238,False
2239,False
2240,False
2241,False
2242,False
2243,False
2244,False
2245,False
2246,False
2247,False
2248,False
2249,False
2250,False
2251,False
2252,False
2253,False
2254,False
2255,False
2256,False
2257,False
2258,False
2259,False
2260,False
2261,False
2262,False
2263,False
2264,False
2265,False
2266,False
2267,False
2268,False
2269,False
2270,False
2271,False
2272,False
2273,False
2274,False
2275,False
2276,False
2277,True
2278,True
2279,True
2280,True
2281,True
2282,True
2283,True
2284,True
2285,True
2286,True
2287,True
2288,True
2289,True
2290,True
2291,True
2292,True
2293,True
2294,True
2295,True
2296,True
2297,True
2298,False
2299,True
2300,True
2301,True
2302,True
2303,True
2304,True
2305,True
2306,True
2307,False
2308,False
2309,False
2310,False
2311,False
2312,False
2313,False
2314,True
2315,True
2316,False
2317,False
2318,False
2319,True
2320,False
2321,False
2322,False
2323,False
2324,False
2325,True
2326,False
2327,False
2328,True
2329,True
2330,False
2331,False
2332,True
2333,True
2334,False
2335,True
2336,False
2337,False
2338,False
2339,False
2340,False
2341,False
2342,False
2343,False
2344,True
2345,True
2346,True
2347,True
2348,True
2349,True
2350,True
2351,True
2352,True
2353,True
2354,True
2355,True
2356,True
2357,True
2358,True
2359,True
2360,True
2361,True
2362,True
2363,True
2364,True
2365,True
2366,True
2367,True
2368,True
2369,True
2370,True
2371,True
2372,True
2373,True
2374,True
2375,True
2376,True
2377,True
2378,True
2379,True
2380,True
2381,True
2382,True
2383,True
2384,True
2385,True
2386,True
2387,True
2388,True
2389,True
2390,True
2391,True
2392,True
2393,True
2394,True
2395,True
2396,True
2397,True
2398,True
2399,True
2400,True
2401,True
2402,True
2403,False
2404,True
2405,True
2406,False
2407,False
2408,True
2409,False
2410,True
2411,True
2412,True
2413,True
2414,False
2415,True
2416,True
2417,True
2418,True
2419,True
2420,True
2421,False
2422,True
2423,True
2424,True
2425,False
2426,False
2427,True
2428,False
2429,True
2430,True
2431,True
2432,True
2433,True
2434,True
2435,True
2436,False
2437,True
2438,True
2439,True
2440,True
2441,True
2442,True
2443,True
2444,True
2445,True
2446,True
2447,True
2448,True
2449,True
2450,True
2451,True
2452,True
2453,True
2454,True
2455,True
2456,True
2457,True
2458,True
2459,True
2460,True
2461,True
2462,True
2463,True
2464,True
2465,True
2466,True
2467,True
2468,True
2469,True
2470,False
2471,True
2472,True
2473,True
2474,True
2475,False
2476,False
2477,True
2478,False
2479,True
2480,True
2481,True
2482,True
2483,False
2484,False
2485,True
2486,True
2487,True
2488,True
2489,True
2490,True
2491,True
2492,True
2493,True
2494,True
2495,True
2496,True
2497,True
2498,True
2499,True
2500,True
2501,True
2502,True
2503,True
2504,True
2505,True
2506,True
2507,True
2508,True
2509,True
2510,True
2511,True
2512,True
2513,True
2514,True
2515,True
2516,False
2517,True
2518,True
2519,True
2520,True
2521,True
2522,True
2523,True
2524,True
2525,True
2526,True
2527,True
2528,False
2529,False
2530,False
2531,True
2532,False
2533,False
2534,True
2535,True
2536,False
2537,False
2538,False
2539,True
2540,True
2541,True
2542,True
2543,False
2544,True
2545,True
2546,True
2547,True
2548,True
2549,True
2550,True
2551,True
2552,True
2553,True
2554,True
2555,True
2556,True
2557,True
2558,True
2559,True
2560,True
2561,True
2562,True
2563,True
2564,True
2565,False
2566,True
2567,True
2568,False
2569,False
2570,False
2571,False
2572,False
2573,False
2574,False
2575,False
2576,False
2577,True
2578,False
2579,False
2580,True
2581,True
2582,True
2583,True
2584,False
2585,False
2586,True
2587,False
2588,False
2589,False
2590,False
2591,False
2592,False
2593,False
2594,False
2595,False
2596,True
2597,False
2598,False
2599,False
2600,False
2601,False
2602,False
2603,False
2604,False
2605,False
2606,False
2607,False
2608,False
2609,True
2610,False
2611,False
2612,False
2613,False
2614,False
2615,False
2616,False
2617,False
2618,False
2619,False
2620,False
2621,False
2622,True
2623,False
2624,False
2625,False
2626,False
2627,False
2628,False
2629,False
2630,False
2631,False
2632,False
2633,False
2634,False
2635,False
2636,False
2637,False
2638,False
2639,False
2640,False
2641,False
2642,True
2643,False
2644,False
2645,False
2646,False
2647,False
2648,False
2649,False
2650,False
2651,False
2652,False
2653,False
2654,False
2655,False
2656,False
2657,True
2658,True
2659,True
2660,False
2661,False
2662,False
2663,True
2664,True
2665,False
2666,False
2667,True
2668,False
2669,False
2670,False
2671,False
2672,False
2673,False
2674,False
2675,False
2676,False
2677,False
2678,False
2679,False
2680,True
2681,False
2682,False
2683,False
2684,False
2685,False
2686,False
2687,False
2688,True
2689,False
2690,False
2691,False
2692,False
2693,False
2694,False
2695,False
2696,False
2697,False
2698,False
2699,False
2700,False
2701,False
2702,False
2703,False
2704,False
2705,False
2706,False
2707,False
2708,False
2709,False
2710,False
2711,False
2712,False
2713,False
2714,False
2715,False
2716,False
2717,False
2718,False
2719,False
2720,True
2721,True
2722,False
2723,True
2724,False
2725,True
2726,True
2727,True
2728,True
2729,False
2730,True
2731,True
2732,True
2733,True
2734,True
2735,False
2736,False
2737,False
2738,True
2739,False
2740,True
2741,False
2742,False
2743,True
2744,False
2745,False
2746,True
2747,False
2748,False
2749,True
2750,False
2751,True
2752,False
2753,True
2754,True
2755,True
2756,True
2757,False
2758,True
2759,True
2760,True
2761,True
2762,True
2763,False
2764,True
2765,False
2766,False
2767,False
2768,False
2769,True
2770,False
2771,True
2772,True
2773,True
2774,True
2775,True
2776,True
2777,True
2778,True
2779,False
2780,False
2781,False
2782,False
2783,True
2784,True
2785,True
2786,True
2787,True
2788,False
2789,True
2790,True
2791,True
2792,True
2793,True
2794,True
2795,True
2796,True
2797,False
2798,True
2799,True
2800,True
2801,False
2802,False
2803,True
2804,True
2805,True
2806,False
2807,False
2808,False
2809,True
2810,False
2811,False
2812,True
2813,False
2814,False
2815,False
2816,False
2817,False
2818,False
2819,False
2820,False
2821,False
2822,False
2823,False
2824,False
2825,False
2826,False
2827,False
2828,True
2829,False
2830,False
2831,False
2832,False
2833,False
2834,False
2835,False
2836,False
2837,False
2838,False
2839,False
2840,False
2841,False
2842,False
2843,False
2844,False
2845,False
2846,False
2847,False
2848,True
2849,False
2850,False
2851,True
2852,True
2853,False
2854,False
2855,True
2856,True
2857,True
2858,True
2859,True
2860,True
2861,True
2862,True
2863,True
2864,True
2865,True
2866,True
2867,True
2868,True
2869,True
2870,True
2871,True
2872,True
2873,True
2874,True
2875,True
2876,True
2877,True
2878,True
2879,True
2880,True
2881,True
2882,True
2883,False
2884,True
2885,True
2886,True
2887,True
2888,True
2889,True
2890,True
2891,True
2892,True
2893,False
2894,False
2895,True
2896,True
2897,True
2898,True
2899,True
2900,True
2901,False
2902,True
2903,True
2904,True
2905,True
2906,True
2907,True
2908,True
2909,True
2910,True
2911,True
2912,True
2913,True
2914,True
2915,False
2916,True
2917,True
2918,True
2919,False
2920,True
2921,True
2922,True
2923,True
2924,True
2925,True
2926,True
2927,False
2928,True
2929,True
2930,True
2931,True
2932,True
2933,True
2934,True
2935,True
2936,True
2937,True
2938,True
2939,True
2940,True
2941,True
2942,True
2943,True
2944,True
2945,True
2946,True
2947,True
2948,True
2949,True
2950,True
2951,True
2952,True
2953,True
2954,False
2955,True
2956,True
2957,True
2958,True
2959,True
2960,True
2961,True
2962,True
2963,True
2964,True
2965,True
2966,True
2967,True
2968,True
2969,True
2970,False
2971,False
2972,False
2973,True
2974,False
2975,True
2976,True
2977,True
2978,True
2979,True
2980,True
2981,True
2982,True
2983,True
2984,True
2985,True
2986,True
2987,True
2988,False
2989,True
2990,True
2991,True
2992,True
2993,True
2994,True
2995,True
2996,False
2997,False
2998,False
2999,False
3000,True
3001,True
3002,True
3003,True
3004,True
3005,True
3006,True
3007,True
3008,True
3009,False
3010,False
3011,False
3012,True
3013,False
3014,False
3015,True
3016,True
3017,True
3018,True
3019,True
3020,False
3021,False
3022,True
3023,True
3024,True
3025,True
3026,True
3027,False
3028,True
3029,False
3030,False
3031,False
3032,True
3033,True
3034,False
3035,True
3036,True
3037,False
3038,False
3039,True
3040,False
3041,False
3042,True
3043,False
3044,True
3045,True
3046,True
3047,True
3048,True
3049,False
3050,True
3051,True
3052,True
3053,False
3054,True
3055,False
3056,True
3057,True
3058,False
3059,True
3060,False
3061,True
3062,True
3063,True
3064,True
3065,True
3066,True
3067,False
3068,False
3069,True
3070,False
3071,True
3072,False
3073,True
3074,True
3075,True
3076,True
3077,True
3078,True
3079,True
3080,True
3081,True
3082,True
3083,False
3084,True
3085,True
3086,True
3087,False
3088,True
3089,True
3090,False
3091,True
3092,True
3093,True
3094,True
3095,True
3096,True
3097,True
3098,False
3099,True
3100,True
3101,True
3102,True
3103,True
3104,True
3105,True
3106,True
3107,False
3108,True
3109,True
3110,True
3111,True
3112,True
3113,True
3114,True
3115,True
3116,False
3117,False
3118,False
3119,True
3120,True
3121,True
3122,True
3123,True
3124,False
3125,True
3126,True
3127,True
3128,True
3129,True
3130,False
3131,True
3132,False
3133,False
3134,True
3135,True
3136,True
3137,False
3138,False
3139,True
3140,True
3141,True
3142,True
3143,True
3144,True
3145,True
3146,True
3147,True
3148,True
3149,False
3150,True
3151,True
3152,True
3153,True
3154,False
3155,True
3156,True
3157,True
3158,True
3159,True
3160,True
3161,True
3162,True
3163,True
3164,True
3165,False
3166,False
3167,True
3168,True
3169,True
3170,True
3171,True
3172,False
3173,True
3174,True
3175,True
3176,True
3177,True
3178,True
3179,True
3180,True
3181,True
3182,False
3183,False
3184,False
3185,False
3186,False
3187,True
3188,True
3189,True
3190,True
3191,True
3192,False
3193,True
3194,False
3195,True
3196,True
3197,True
3198,True
3199,True
3200,False
3201,False
3202,True
3203,True
3204,False
3205,False
3206,True
3207,True
3208,True
3209,False
3210,False
3211,True
3212,False
3213,False
3214,False
3215,False
3216,True
3217,True
3218,False
3219,False
3220,True
3221,True
3222,True
3223,False
3224,True
3225,True
3226,True
3227,True
3228,True
3229,False
3230,True
3231,True
3232,True
3233,True
3234,True
3235,True
3236,True
3237,True
3238,True
3239,True
3240,True
3241,True
3242,True
3243,True
3244,True
3245,True
3246,True
3247,True
3248,True
3249,False
3250,True
3251,True
3252,True
3253,True
3254,False
3255,False
3256,False
3257,True
3258,True
3259,False
3260,True
3261,True
3262,True
3263,True
3264,False
3265,False
3266,False
3267,False
3268,False
3269,False
3270,False
3271,False
3272,False
3273,True
3274,True
3275,True
3276,True
3277,False
3278,False
3279,True
3280,True
3281,True
3282,False
3283,True
3284,True
3285,True
3286,False
3287,False
3288,False
3289,False
3290,False
3291,True
3292,True
3293,False
3294,False
3295,True
3296,True
3297,True
3298,True
3299,True
3300,False
3301,False
3302,True
3303,True
3304,False
3305,False
3306,True
3307,False
3308,True
3309,False
3310,False
3311,False
3312,False
3313,False
3314,False
3315,False
3316,False
3317,False
3318,False
3319,True
3320,False
3321,True
3322,True
3323,True
3324,True
3325,True
3326,False
3327,True
3328,False
3329,False
3330,False
3331,True
3332,True
3333,True
3334,True
3335,True
3336,True
3337,True
3338,True
3339,True
3340,True
3341,True
3342,False
3343,True
3344,True
3345,False
3346,False
3347,True
3348,True
3349,True
3350,True
3351,True
3352,True
3353,True
3354,True
3355,False
3356,False
3357,False
3358,False
3359,True
3360,False
3361,False
3362,False
3363,True
3364,True
3365,True
3366,True
3367,True
3368,True
3369,True
3370,False
3371,True
3372,True
3373,True
3374,True
3375,True
3376,True
3377,False
3378,True
3379,True
3380,False
3381,False
3382,True
3383,True
3384,True
3385,False
3386,False
3387,False
3388,False
3389,False
3390,False
3391,False
3392,True
3393,True
3394,True
3395,False
3396,True
3397,True
3398,False
3399,False
3400,False
3401,False
3402,False
3403,False
3404,False
3405,False
3406,False
3407,False
3408,False
3409,False
3410,False
3411,False
3412,False
3413,False
3414,False
3415,False
3416,False
3417,False
3418,False
3419,False
3420,False
3421,False
3422,False
3423,False
3424,False
3425,False
3426,False
3427,False
3428,False
3429,True
3430,False
3431,False
3432,False
3433,False
3434,False
3435,False
3436,False
3437,True
3438,False
3439,False
3440,False
3441,False
3442,False
3443,False
3444,False
3445,False
3446,False
3447,False
3448,True
3449,True
3450,True
3451,True
3452,True
3453,True
3454,True
3455,True
3456,True
3457,True
3458,True
3459,True
3460,True
3461,True
3462,True
3463,True
3464,True
3465,True
3466,True
3467,True
3468,True
3469,True
3470,True
3471,True
3472,True
3473,True
3474,True
3475,True
3476,True
3477,True
3478,True
3479,True
3480,True
3481,True
3482,True
3483,False
3484,False
3485,False
3486,True
3487,False
3488,False
3489,False
3490,True
3491,False
3492,False
3493,True
3494,True
3495,True
3496,True
3497,True
3498,False
3499,True
3500,False
3501,True
3502,True
3503,True
3504,False
3505,False
3506,True
3507,True
3508,True
3509,True
3510,True
3511,False
3512,True
3513,True
3514,False
3515,False
3516,False
3517,True
3518,False
3519,True
3520,True
3521,True
3522,True
3523,True
3524,False
3525,False
3526,True
3527,True
3528,True
3529,True
3530,True
3531,True
3532,True
3533,True
3534,True
3535,True
3536,True
3537,True
3538,True
3539,True
3540,True
3541,False
3542,True
3543,True
3544,False
3545,False
3546,False
3547,True
3548,False
3549,True
3550,True
3551,True
3552,True
3553,True
3554,True
3555,True
3556,True
3557,True
3558,True
3559,True
3560,True
3561,True
3562,True
3563,True
3564,True
3565,False
3566,True
3567,False
3568,False
3569,False
3570,True
3571,True
3572,True
3573,True
3574,True
3575,True
3576,True
3577,True
3578,True
3579,True
3580,True
3581,True
3582,True
3583,True
3584,True
3585,True
3586,True
3587,True
3588,False
3589,False
3590,True
3591,True
3592,True
3593,True
3594,True
3595,True
3596,True
3597,True
3598,True
3599,True
3600,False
3601,False
3602,True
3603,True
3604,True
3605,False
3606,False
3607,False
3608,False
3609,True
3610,True
3611,True
3612,False
3613,True
3614,True
3615,True
3616,False
3617,False
3618,True
3619,False
3620,False
3621,True
3622,True
3623,True
3624,True
3625,True
3626,True
3627,True
3628,False
3629,False
3630,False
3631,False
3632,False
3633,False
3634,False
3635,False
3636,False
3637,False
3638,False
3639,False
3640,False
3641,False
3642,False
3643,False
3644,False
3645,False
3646,False
3647,False
3648,False
3649,False
3650,False
3651,False
3652,True
3653,True
3654,True
3655,True
3656,True
3657,True
3658,True
3659,True
3660,True
3661,True
3662,True
3663,False
3664,True
3665,True
3666,True
3667,True
3668,True
3669,True
3670,True
3671,True
3672,True
3673,False
3674,True
3675,True
3676,False
3677,False
3678,False
3679,True
3680,False
3681,False
3682,False
3683,False
3684,True
3685,False
3686,True
3687,True
3688,True
3689,True
3690,False
3691,True
3692,True
3693,True
3694,True
3695,True
3696,False
3697,False
3698,True
3699,False
3700,True
3701,True
3702,True
3703,True
3704,True
3705,True
3706,True
3707,True
3708,True
3709,True
3710,False
3711,False
3712,True
3713,False
3714,True
3715,True
3716,True
3717,True
3718,True
3719,True
3720,False
3721,False
3722,True
3723,True
3724,False
3725,True
3726,True
3727,True
3728,True
3729,True
3730,True
3731,True
3732,False
3733,True
3734,True
3735,True
3736,True
3737,True
3738,True
3739,True
3740,True
3741,True
3742,True
3743,True
3744,False
3745,True
3746,False
3747,True
3748,True
3749,True
3750,True
3751,True
3752,True
3753,True
3754,True
3755,True
3756,True
3757,True
3758,True
3759,False
3760,False
3761,True
3762,True
3763,True
3764,True
3765,True
3766,True
3767,True
3768,True
3769,True
3770,True
3771,True
3772,True
3773,True
3774,True
3775,True
3776,False
3777,True
3778,True
3779,True
3780,True
3781,True
3782,True
3783,True
3784,True
3785,True
3786,True
3787,False
3788,False
3789,True
3790,False
3791,True
3792,True
3793,True
3794,True
3795,True
3796,True
3797,False
3798,True
3799,True
3800,True
3801,True
3802,True
3803,True
3804,True
3805,True
3806,True
3807,True
3808,True
3809,True
3810,True
3811,True
3812,True
3813,True
3814,True
3815,True
3816,True
3817,True
3818,True
3819,True
3820,True
3821,True
3822,True
3823,True
3824,True
3825,True
3826,True
3827,True
3828,True
3829,True
3830,True
3831,True
3832,True
3833,True
3834,True
3835,True
3836,True
3837,True
3838,True
3839,True
3840,True
3841,False
3842,True
3843,True
3844,True
3845,True
3846,True
3847,True
3848,True
3849,False
3850,True
3851,True
3852,True
3853,True
3854,False
3855,True
3856,True
3857,True
3858,False
3859,True
3860,True
3861,True
3862,True
3863,True
3864,True
3865,True
3866,True
3867,True
3868,False
3869,False
3870,True
3871,True
3872,True
3873,True
3874,False
3875,True
3876,True
3877,True
3878,False
3879,True
3880,True
3881,True
3882,False
3883,False
3884,True
3885,True
3886,False
3887,True
3888,True
3889,True
3890,True
3891,True
3892,True
3893,True
3894,False
3895,True
3896,False
3897,True
3898,False
3899,True
3900,True
3901,True
3902,False
3903,False
3904,False
3905,False
3906,False
3907,False
3908,False
3909,False
3910,True
3911,True
3912,True
3913,True
3914,True
3915,True
3916,True
3917,True
3918,True
3919,True
3920,True
3921,True
3922,True
3923,True
3924,True
3925,True
3926,True
3927,True
3928,True
3929,True
3930,True
3931,True
3932,True
3933,True
3934,True
3935,True
3936,True
3937,True
3938,True
3939,True
3940,True
3941,True
3942,False
3943,True
3944,True
3945,True
3946,True
3947,True
3948,True
3949,True
3950,True
3951,True
3952,True
3953,True
3954,True
3955,True
3956,True
3957,True
3958,True
3959,True
3960,True
3961,True
3962,True
3963,True
3964,True
3965,True
3966,True
3967,True
3968,True
3969,True
3970,True
3971,True
3972,True
3973,False
3974,True
3975,True
3976,True
3977,True
3978,True
3979,True
3980,True
3981,True
3982,True
3983,False
3984,True
3985,True
3986,True
3987,True
3988,True
3989,True
3990,True
3991,True
3992,True
3993,True
3994,True
3995,True
3996,True
3997,True
3998,True
3999,True
4000,True
4001,True
4002,True
4003,True
4004,True
4005,True
4006,True
4007,True
4008,True
4009,True
4010,True
4011,True
4012,False
4013,False
4014,True
4015,False
4016,False
4017,False
4018,False
4019,True
4020,False
4021,False
4022,False
4023,False
4024,True
4025,True
4026,False
4027,True
4028,True
4029,False
4030,False
4031,False
4032,False
4033,False
4034,False
4035,False
4036,False
4037,False
4038,False
4039,False
4040,True
4041,True
4042,False
4043,True
4044,False
4045,False
4046,False
4047,False
4048,False
4049,False
4050,False
4051,False
4052,True
4053,True
4054,False
4055,False
4056,False
4057,False
4058,True
4059,False
4060,False
4061,False
4062,False
4063,True
4064,True
4065,True
4066,True
4067,True
4068,True
4069,True
4070,True
4071,True
4072,True
4073,True
4074,True
4075,True
4076,True
4077,True
4078,False
4079,True
4080,True
4081,False
4082,True
4083,True
4084,True
4085,True
4086,True
4087,False
4088,False
4089,False
4090,False
4091,False
4092,False
4093,False
4094,False
4095,True
4096,True
4097,True
4098,True
4099,False
4100,True
4101,True
4102,True
4103,True
4104,True
4105,True
4106,True
4107,True
4108,True
4109,True
4110,True
4111,False
4112,True
4113,False
4114,False
4115,False
4116,True
4117,True
4118,False
4119,False
4120,False
4121,False
4122,False
4123,False
4124,False
4125,False
4126,False
4127,False
4128,False
4129,True
4130,True
4131,True
4132,True
4133,False
4134,False
4135,True
4136,True
4137,False
4138,False
4139,False
4140,False
4141,False
4142,True
4143,False
4144,False
4145,False
4146,False
4147,False
4148,False
4149,False
4150,False
4151,False
4152,False
4153,False
4154,False
4155,False
4156,False
4157,False
4158,False
4159,False
4160,False
4161,False
4162,False
4163,False
4164,False
4165,False
4166,False
4167,False
4168,True
4169,False
4170,False
4171,False
4172,False
4173,False
4174,False
4175,True
4176,True
4177,True
4178,True
4179,True
4180,True
4181,False
4182,True
4183,False
4184,False
4185,False
4186,True
4187,True
4188,True
4189,False
4190,False
4191,True
4192,False
4193,True
4194,False
4195,True
4196,True
4197,True
4198,True
4199,True
4200,True
4201,False
4202,True
4203,True
4204,True
4205,False
4206,True
4207,True
4208,True
4209,False
4210,True
4211,False
4212,True
4213,True
4214,False
4215,True
4216,True
4217,True
4218,False
4219,True
4220,True
4221,True
4222,True
4223,True
4224,True
4225,False
4226,False
4227,True
4228,False
4229,True
4230,True
4231,True
4232,True
4233,True
4234,True
4235,False
4236,True
4237,False
4238,False
4239,True
4240,True
4241,True
4242,False
4243,True
4244,True
4245,True
4246,True
4247,True
4248,False
4249,True
4250,False
4251,False
4252,False
4253,True
4254,True
4255,False
4256,True
4257,False
4258,True
4259,False
4260,False
4261,False
4262,False
4263,True
4264,False
4265,False
4266,False
4267,True
4268,True
4269,False
4270,True
4271,False
4272,True
4273,True
4274,False
4275,False
4276,True
4277,True
4278,True
4279,False
4280,True
4281,False
4282,False
4283,True
4284,True
4285,True
4286,True
4287,True
4288,False
4289,False
4290,True
4291,False
4292,False
4293,False
4294,False
4295,True
4296,False
4297,False
4298,False
4299,False
4300,False
4301,False
4302,False
4303,False
4304,True
4305,False
4306,False
4307,False
4308,True
4309,False
4310,False
4311,False
4312,False
4313,False
4314,False
4315,False
4316,False
4317,False
4318,True
4319,False
4320,False
4321,False
4322,False
4323,False
4324,False
4325,False
4326,False
4327,False
4328,True
4329,False
4330,False
4331,True
4332,False
4333,True
4334,False
4335,False
4336,False
4337,False
4338,False
4339,False
4340,False
4341,False
4342,False
4343,False
4344,False
4345,False
4346,False
4347,True
4348,False
4349,False
4350,False
4351,False
4352,False
4353,False
4354,False
4355,True
4356,False
4357,False
4358,False
4359,False
4360,False
4361,True
4362,True
4363,False
4364,True
4365,True
4366,True
4367,True
4368,False
4369,False
4370,False
4371,False
4372,False
4373,True
4374,True
4375,False
4376,False
4377,False
4378,False
4379,False
4380,False
4381,False
4382,False
4383,True
4384,True
4385,True
4386,True
4387,True
4388,True
4389,True
4390,False
4391,True
4392,True
4393,False
4394,True
4395,True
4396,True
4397,False
4398,True
4399,True
4400,True
4401,True
4402,True
4403,False
4404,False
4405,False
4406,False
4407,False
4408,False
4409,False
4410,False
4411,True
4412,False
4413,False
4414,False
4415,False
4416,False
4417,False
4418,False
4419,False
4420,False
4421,False
4422,False
4423,False
4424,False
4425,False
4426,False
4427,False
4428,False
4429,False
4430,False
4431,False
4432,False
4433,False
4434,False
4435,False
4436,False
4437,True
4438,False
4439,False
4440,False
4441,False
4442,False
4443,False
4444,False
4445,False
4446,False
4447,False
4448,False
4449,False
4450,False
4451,False
4452,False
4453,False
4454,False
4455,False
4456,False
4457,False
4458,True
4459,True
4460,True
4461,True
4462,False
4463,True
4464,True
4465,False
4466,True
4467,True
4468,False
4469,False
4470,False
4471,False
4472,False
4473,False
4474,False
4475,False
4476,False
4477,False
4478,False
4479,False
4480,False
4481,False
4482,False
4483,False
4484,False
4485,False
4486,False
4487,False
4488,False
4489,False
4490,False
4491,False
4492,False
4493,False
4494,False
4495,False
4496,False
4497,False
4498,False
4499,False
4500,False
4501,False
4502,False
4503,False
4504,False
4505,False
4506,False
4507,False
4508,False
4509,False
4510,False
4511,False
4512,False
4513,False
4514,False
4515,False
4516,False
4517,False
4518,False
4519,False
4520,False
4521,False
4522,False
4523,False
4524,False
4525,False
4526,False
4527,False
4528,False
4529,True
4530,False
4531,False
4532,False
4533,False
4534,False
4535,False
4536,False
4537,False
4538,False
4539,False
4540,False
4541,False
4542,False
4543,False
4544,False
4545,False
4546,False
4547,False
4548,False
4549,False
4550,False
4551,False
4552,False
4553,False
4554,False
4555,False
4556,False
4557,False
4558,False
4559,False
4560,False
4561,False
4562,True
4563,False
4564,False
4565,False
4566,False
4567,False
4568,False
4569,False
4570,False
4571,False
4572,False
4573,False
4574,False
4575,False
4576,True
4577,False
4578,True
4579,False
4580,True
4581,False
4582,False
4583,False
4584,True
4585,False
4586,False
4587,True
4588,False
4589,False
4590,False
4591,False
4592,False
4593,False
4594,False
4595,False
4596,False
4597,False
4598,False
4599,False
4600,True
4601,True
4602,True
4603,True
4604,True
4605,True
4606,True
4607,True
4608,True
4609,True
4610,True
4611,True
4612,True
4613,True
4614,False
4615,True
4616,False
4617,True
4618,True
4619,True
4620,False
4621,False
4622,True
4623,True
4624,True
4625,False
4626,True
4627,True
4628,True
4629,True
4630,True
4631,True
4632,True
4633,True
4634,True
4635,True
4636,True
4637,True
4638,False
4639,False
4640,True
4641,True
4642,True
4643,False
4644,True
4645,True
4646,False
4647,False
4648,True
4649,True
4650,True
4651,True
4652,True
4653,True
4654,True
4655,True
4656,True
4657,True
4658,True
4659,True
4660,True
4661,True
4662,True
4663,True
4664,True
4665,True
4666,True
4667,True
4668,True
4669,True
4670,True
4671,True
4672,True
4673,True
4674,True
4675,True
4676,True
4677,True
4678,True
4679,True
4680,True
4681,False
4682,False
4683,True
4684,False
4685,True
4686,True
4687,True
4688,True
4689,False
4690,True
4691,False
4692,True
4693,True
4694,True
4695,False
4696,False
4697,True
4698,False
4699,True
4700,False
4701,False
4702,False
4703,False
4704,False
4705,False
4706,False
4707,False
4708,False
4709,False
4710,False
4711,False
4712,False
4713,False
4714,False
4715,False
4716,False
4717,False
4718,False
4719,False
4720,False
4721,False
4722,False
4723,False
4724,False
4725,False
4726,False
4727,False
4728,False
4729,False
4730,False
4731,False
4732,True
4733,True
4734,False
4735,False
4736,True
4737,False
4738,True
4739,False
4740,True
4741,True
4742,True
4743,False
4744,False
4745,False
4746,False
4747,False
4748,False
4749,False
4750,False
4751,False
4752,False
4753,False
4754,False
4755,False
4756,False
4757,True
4758,True
4759,False
4760,False
4761,True
4762,True
4763,False
4764,True
4765,True
4766,False
4767,False
4768,True
4769,False
4770,True
4771,True
4772,False
4773,False
4774,True
4775,False
4776,True
4777,True
4778,False
4779,False
4780,True
4781,True
4782,True
4783,True
4784,True
4785,False
4786,False
4787,True
4788,True
4789,False
4790,True
4791,False
4792,True
4793,True
4794,False
4795,False
4796,False
4797,False
4798,False
4799,False
4800,False
4801,False
4802,False
4803,False
4804,False
4805,False
4806,False
4807,False
4808,False
4809,True
4810,False
4811,False
4812,False
4813,False
4814,False
4815,False
4816,False
4817,True
4818,True
4819,True
4820,True
4821,True
4822,True
4823,False
4824,False
4825,True
4826,False
4827,True
4828,True
4829,True
4830,True
4831,True
4832,True
4833,True
4834,True
4835,True
4836,True
4837,True
4838,True
4839,True
4840,True
4841,True
4842,True
4843,True
4844,False
4845,False
4846,True
4847,True
4848,True
4849,False
4850,False
4851,True
4852,True
4853,True
4854,True
4855,True
4856,True
4857,True
4858,True
4859,False
4860,False
4861,False
4862,False
4863,False
4864,False
4865,False
4866,False
4867,False
4868,False
4869,True
4870,False
4871,True
4872,False
4873,False
4874,False
4875,False
4876,False
4877,False
4878,True
4879,False
4880,False
4881,True
4882,False
4883,False
4884,True
4885,True
4886,True
4887,False
4888,False
4889,False
4890,True
4891,False
4892,False
4893,True
4894,False
4895,False
4896,False
4897,False
4898,False
4899,False
4900,False
4901,False
4902,False
4903,False
4904,False
4905,True
4906,True
4907,True
4908,True
4909,False
4910,False
4911,False
4912,False
4913,True
4914,False
4915,False
4916,True
4917,True
4918,True
4919,False
4920,False
4921,False
4922,False
4923,False
4924,False
4925,False
4926,False
4927,False
4928,False
4929,False
4930,False
4931,False
4932,False
4933,False
4934,False
4935,False
4936,False
4937,False
4938,False
4939,False
4940,False
4941,False
4942,False
4943,False
4944,False
4945,False
4946,False
4947,True
4948,True
4949,True
4950,True
4951,False
4952,True
4953,False
4954,False
4955,True
4956,True
4957,False
4958,True
4959,True
4960,True
4961,True
4962,True
4963,True
4964,True
4965,True
4966,False
4967,True
4968,True
4969,False
4970,False
4971,False
4972,False
4973,False
4974,True
4975,True
4976,True
4977,True
4978,True
4979,True
4980,True
4981,True
4982,True
4983,False
4984,True
4985,True
4986,True
4987,True
4988,False
4989,False
4990,True
4991,False
4992,True
4993,True
4994,True
4995,False
4996,True
4997,True
4998,False
4999,False
5000,False
5001,False
5002,False
5003,False
5004,False
5005,False
5006,True
5007,True
5008,False
5009,False
5010,True
5011,False
5012,True
5013,False
5014,False
5015,False
5016,False
5017,False
5018,False
5019,True
5020,True
5021,True
5022,False
5023,False
5024,True
5025,False
5026,True
5027,True
5028,True
5029,True
5030,True
5031,True
5032,True
5033,True
5034,True
5035,True
5036,True
5037,True
5038,True
5039,True
5040,False
5041,False
5042,True
5043,False
5044,True
5045,True
5046,True
5047,False
5048,False
5049,False
5050,False
5051,True
5052,False
5053,False
5054,False
5055,False
5056,True
5057,False
5058,False
5059,False
5060,True
5061,False
5062,False
5063,True
5064,True
5065,True
5066,False
5067,True
5068,False
5069,False
5070,False
5071,False
5072,False
5073,False
5074,False
5075,False
5076,True
5077,False
5078,True
5079,False
5080,False
5081,False
5082,True
5083,True
5084,False
5085,True
5086,True
5087,True
5088,True
5089,True
5090,True
5091,True
5092,True
5093,True
5094,True
5095,True
5096,True
5097,True
5098,True
5099,False
5100,True
5101,False
5102,False
5103,False
5104,False
5105,False
5106,False
5107,True
5108,False
5109,True
5110,True
5111,True
5112,True
5113,True
5114,True
5115,True
5116,True
5117,True
5118,True
5119,False
5120,True
5121,True
5122,True
5123,True
5124,False
5125,False
5126,False
5127,True
5128,True
5129,True
5130,False
5131,False
5132,True
5133,True
5134,False
5135,True
5136,True
5137,True
5138,True
5139,True
5140,True
5141,True
5142,True
5143,False
5144,False
5145,False
5146,True
5147,False
5148,False
5149,False
5150,False
5151,False
5152,False
5153,False
5154,True
5155,False
5156,False
5157,False
5158,False
5159,False
5160,True
5161,False
5162,False
5163,True
5164,True
5165,True
5166,False
5167,False
5168,True
5169,False
5170,False
5171,False
5172,False
5173,True
5174,True
5175,False
5176,False
5177,True
5178,True
5179,True
5180,False
5181,False
5182,True
5183,True
5184,True
5185,True
5186,True
5187,True
5188,True
5189,True
5190,True
5191,True
5192,True
5193,True
5194,True
5195,True
5196,True
5197,True
5198,True
5199,True
5200,True
5201,True
5202,True
5203,True
5204,True
5205,False
5206,True
5207,False
5208,True
5209,False
5210,True
5211,True
5212,True
5213,True
5214,True
5215,True
5216,True
5217,True
5218,True
5219,True
5220,True
5221,True
5222,True
5223,True
5224,True
5225,True
5226,True
5227,True
5228,True
5229,True
5230,True
5231,True
5232,True
5233,True
5234,True
5235,True
5236,True
5237,True
5238,False
5239,False
5240,True
5241,False
5242,False
5243,True
5244,True
5245,True
5246,True
5247,True
5248,True
5249,True
5250,True
5251,True
5252,True
5253,True
5254,True
5255,True
5256,True
5257,False
5258,False
5259,True
5260,False
5261,False
5262,False
5263,False
5264,False
5265,False
5266,True
5267,True
5268,True
5269,True
5270,True
5271,True
5272,True
5273,False
5274,False
5275,True
5276,True
5277,True
5278,True
5279,False
5280,True
5281,False
5282,False
5283,True
5284,True
5285,True
5286,True
5287,False
5288,False
5289,True
5290,True
5291,True
5292,True
5293,True
5294,True
5295,True
5296,True
5297,True
5298,False
5299,True
5300,False
5301,True
5302,True
5303,True
5304,True
5305,True
5306,True
5307,False
5308,True
5309,True
5310,True
5311,True
5312,True
5313,False
5314,True
5315,True
5316,True
5317,True
5318,True
5319,True
5320,True
5321,True
5322,True
5323,True
5324,True
5325,True
5326,True
5327,True
5328,True
5329,True
5330,False
5331,True
5332,True
5333,False
5334,True
5335,False
5336,True
5337,True
5338,True
5339,True
5340,False
5341,False
5342,True
5343,True
5344,True
5345,True
5346,True
5347,True
5348,False
5349,True
5350,False
5351,False
5352,True
5353,True
5354,True
5355,True
5356,False
5357,True
5358,True
5359,True
5360,True
5361,True
5362,True
5363,False
5364,True
5365,True
5366,False
5367,True
5368,True
5369,False
5370,True
5371,True
5372,True
5373,True
5374,True
5375,True
5376,True
5377,False
5378,True
5379,True
5380,True
5381,True
5382,True
5383,False
5384,True
5385,False
5386,True
5387,True
5388,False
5389,True
5390,True
5391,True
5392,True
5393,True
5394,True
